{"classic": 0.015622262842953205, "manga": 0.9843736886978149, "prediction": "manga"}